{"cameraMode":{"drawMode":0,"name":"Shaded","section":"Shading Mode"},"sceneLighting":true,"audioPlay":false,"sceneViewState":{"showFog":true,"showMaterialUpdate":true,"showSkybox":true,"showFlares":true,"showImageEffects":true,"showParticleSystems":true},"in2DMode":false,"pivot":{"x":1.1514134407043458,"y":29.1748046875,"z":9.474468231201172},"rotation":{"x":0.0169599000364542,"y":-0.9788252711296082,"z":0.0688336119055748,"w":0.19666942954063416},"size":59.82807159423828,"orthographic":false}